"pi","gamma","phi","sa"
19.6046293180646,0.47324744222497,0.473560961488608,0.541666630498433
21.9007666497279,0.473956937313548,0.54643603912862,0.389885245401886
19.8557752634517,0.537956733125499,0.518001829862182,0.491622773231204
20.3488560753491,0.566697865383607,0.479966750094694,0.422621108235849
20.7367931711983,0.538817373469389,0.517749417415038,0.48144608623118
