"nj","na"
41.3001978863031,10.9240243863314
16.527463644743,33.0401986278594
36.5126123651862,17.407394181937
