"nj","na"
37.797681838274,17.307437453419
21.6980684455484,44.475882165134
33.5423524305224,36.3363179378211
32.9209759179503,19.8529011104256
40.9209314454347,14.392920890823
