"pi","gamma","phi","sa"
28.1356036338352,0.726638560372226,0.332706184996431,0.420986001848534
30.6635261790136,0.809591433454652,0.510473692669996,0.735738960274963
25.3195945296985,0.5902179350753,0.552481112581984,0.45127771461476
37.6207193813407,0.297565220723282,0.649215590823414,0.44502866397803
21.3708985530163,0.697379394238587,0.632044954006912,0.71395734554903
