"pi","gamma","phi","sa"
18.9950567497334,0.746616239269612,0.506084132834688,0.781212449157375
30.4017329905408,0.461173164354845,0.562043412343745,0.483627795967623
16.897454660632,0.474130534670795,0.602447092195301,0.341279618433908
32.0649720416405,0.269861560974636,0.513452561909412,0.472221862101148
27.9903767263577,0.62445627429062,0.624364064611985,0.430647886658365
