"nj","na"
19.9415837414563,14.0164467133582
34.4208186585456,10.2121694199741
21.3957895804197,32.1201064903289
32.7761993464082,29.1122362855822
41.8891480844468,35.1154099963605
21.041544098407,30.6938036624342
36.7669478897005,22.742328569293
15.1203645020723,35.8961496688426
18.7322921585292,17.3922428768128
10.3881995752454,44.7382599581033
