"nj","na"
46.3877229299396,23.5465173330158
19.332626927644,20.9866506699473
28.8681207038462,16.7151223495603
33.5710452124476,43.837503939867
27.724386099726,45.1009784545749
20.603447528556,46.5356396418065
35.2447699010372,41.921127224341
14.2603268940002,18.7386165838689
18.9174769911915,28.4430888295174
35.9040313679725,42.4769328441471
