"nj","na"
21.4697087742388,48.1283890455961
16.4169429056346,17.3588393535465
45.4186137486249,12.1239448152483
10.7284214440733,15.9258088096976
25.7813907042146,26.5632809512317
26.1289435904473,41.5641789883375
49.6426485665143,19.3570324126631
34.2655311338603,36.0895304102451
11.4850661437958,22.2808501217514
32.1336199901998,14.2738870996982
