"nj","na"
47.5424824655056,40.9252969641238
28.7419870682061,31.3977167289704
38.4223970770836,33.9190890360624
46.8829723913223,27.1543162036687
29.3322300352156,34.6844355482608
