"pi","gamma","phi","sa"
20.2260154646166,0.500772747084879,0.503651995970703,0.509664285579763
20.1704286244653,0.485359592295262,0.478508544757389,0.549198349229959
20.113511012032,0.491939860614235,0.490471858345717,0.518381383772666
20.1776321883076,0.462685336367627,0.499520831342478,0.493299627110741
20.2207338970763,0.485040068530531,0.501607948428521,0.51738358559876
