"nj","na"
11.0041156876832,46.4278047159314
15.3711791615933,31.2106391135603
39.1232326906174,37.4400603491813
38.2161533739418,12.7405815571547
36.0010812804103,10.3748671617359
16.5332215093076,24.3653032556176
39.3937215860933,19.2100663576275
42.4372476618737,22.5006684288383
30.4024441819638,43.6846467293799
33.1523815914989,49.1359476093203
