"nj","na"
15.6819886621088,44.5575173664838
43.9644155930728,14.0900171920657
28.2025979459286,28.6153075937182
