"pi","gamma","phi","sa"
20.1649145433258,0.498692803825599,0.493622092515563,0.521300959259915
20.0793763022183,0.506494491036049,0.486697553457503,0.465768122810031
19.9371509595092,0.479743079598046,0.501075305834018,0.486046529915377
