"nj","na"
23.3844960480928,24.0136106591672
29.3134471494704,41.312115304172
15.8439685683697,41.3362797442824
40.4652930609882,26.7411050572991
23.0465666297823,36.0106742009521
