"nj","na"
14.615167081356,40.9216565918177
44.9124704767019,20.4454743862152
38.9421844016761,38.0917876493186
28.410951141268,20.2159297745675
34.1198899410665,30.0016590673476
