"nj","na"
24.8483123071492,45.2767265494913
26.7060717660934,31.0994995292276
48.9908117149025,26.8868509028107
16.0423128399998,37.0555991772562
43.1894261203706,38.9064591564238
35.0594514515251,34.2065510805696
13.5963823832572,26.4335701707751
37.7509738784283,43.1324552837759
23.2257834356278,37.1399782318622
11.1008037533611,41.4927242323756
