"nj","na"
18.0700600612909,49.2351993080229
10.0141374580562,47.8052352648228
29.689936041832,49.7041076701134
19.3504506442696,42.1814108081162
37.9186774697155,42.4382214155048
