"nj","na"
42.8789137490094,17.287051891908
17.1114965621382,39.3206794466823
30.540341520682,15.246411068365
23.7963220011443,17.9168196488172
13.7245607748628,14.7391343489289
