"pi","gamma","phi","sa"
20.0305077581554,0.467834447892745,0.500508657906876,0.513437202578726
20.1468131408295,0.474373170510436,0.501692305129424,0.510801676058151
20.0274219016623,0.507100749158018,0.508585300883824,0.501285468583877
20.1036112650654,0.52154158271398,0.509960931253679,0.50117995153058
20.2869649443642,0.494009249283247,0.499835108233935,0.465018430430866
