"nj","na"
28.4294901136309,46.9238045439124
28.6688597872853,11.6839277744293
10.6765371840447,23.1784318014979
