"pi","gamma","phi","sa"
21.2043928510312,0.638522505779963,0.768140125334336,0.524413745219297
10.2375908165467,0.613385119932482,0.582862360238335,0.343872067449969
41.3691421441903,0.428941490714116,0.277491820915433,0.478067706624212
