"nj","na"
15.3343044687063,23.0818021390587
13.7698804959655,14.6311725396663
36.4534306898713,34.0730805322528
30.8678408246487,23.0686038639396
43.7524998839945,39.822305245325
