"nj","na"
48.2267104648054,42.0648303162307
19.283277336508,44.1379394102842
27.4242492765188,19.1852902341634
34.0623185504228,41.7482068855315
32.3558128066361,49.9890958983451
