"pi","gamma","phi","sa"
30.043891420686,0.328555624875154,0.28479892776025,0.46588877675734
11.9403419874792,0.243735594902735,0.689184029038476,0.360547937065857
28.8894780270717,0.477955891893303,0.652054788443522,0.684020567826246
10.4321150209686,0.477698231442182,0.532051485351984,0.560934426064401
19.3341598832897,0.454317521399271,0.297556800917025,0.68021072633515
