"nj","na"
26.9719574879855,14.801284102723
20.4461358301342,46.1922793462873
25.2490227110684,41.5701964125037
15.2201997861266,30.630460344255
12.0376221742481,21.1029858980328
23.3733735606074,41.7870021797717
18.4167095459998,44.417257476598
28.0632373783737,47.0244930032641
43.9845123700798,48.1217482313514
31.9573696050793,35.1215851213783
