"nj","na"
42.5493606552482,10.5853791348636
30.7128589507192,45.7359657250345
15.9848352242261,28.7363297771662
31.783962007612,48.7310088425875
13.6259504780173,24.3280478939414
12.341248774901,46.6640200838447
42.4715579953045,36.4716358203441
22.8802907653153,14.1904111765325
36.6988618578762,28.7173393648118
15.0275467522442,10.4513698536903
