"nj","na"
34.7819434292614,30.4068875685334
49.784626904875,17.1729611512274
30.5554249417037,48.9499222673476
45.2301547303796,35.567045006901
37.9286746028811,18.813020279631
14.3573081307113,44.1842148452997
42.7558795642108,20.2248684223741
28.7184503301978,26.5633523277938
27.7288555726409,44.4501379039139
39.2730676196516,43.9055491983891
