"pi","gamma","phi","sa"
20.1446448942797,0.527619364760184,0.468707704451312,0.475745603478662
20.1345293574538,0.4790756472398,0.486388565457017,0.513626254158475
20.0448685279777,0.50951596110993,0.519226352306333,0.488925363463353
20.0518194352679,0.498891289049191,0.51338344434416,0.507504383405145
20.0258481501461,0.480791424843963,0.498921773467906,0.493616089316093
