"nj","na"
15.9897089004517,11.377619067207
49.1375593654811,22.702214429155
44.8254870157689,39.3919034395367
48.6973803956062,48.918483350426
13.6176444496959,37.4516225326806
