"pi","gamma","phi","sa"
20.7878866643531,0.512525589515813,0.500670884219844,0.611531705927729
19.4332857801809,0.46144767848843,0.414269877704103,0.429180176166497
18.0511980434297,0.564172735836826,0.473801817376222,0.449141680352019
19.890519239208,0.418961402686716,0.449196453273746,0.462130932157217
20.6984205172143,0.51572157833373,0.494736092138776,0.477782049268099
