"nj","na"
47.1456413529813,12.712797857821
16.317782048136,14.0222703013569
35.5272758938372,42.0752524677664
11.087838858366,21.6012667212635
19.187346175313,12.7552271354944
37.3988288547844,28.3777650725096
39.6937017422169,16.5485030040145
41.0094628483057,15.8659978676587
19.871973125264,46.2033393234015
27.7992383111268,18.2508113700897
